"tconst","primaryTitle","startYear","genres","decade","averageRating","numVotes"
"tt0118117","The War at Home",1996,"Drama","1990s",7,2733
"tt10534996","Josep",2020,"Animation,Biography,Drama","2020s",7.4,2340
"tt4686844","The Death of Stalin",2017,"Comedy,Drama,History","2010s",7.3,126237
"tt0089957","Samaya obayatelnaya i privlekatelnaya",1985,"Comedy,Romance","1980s",7.4,2521
"tt3469964","Blind Massage",2014,"Drama","2010s",7.2,1804
"tt7647198","Love and Shukla",2017,"Comedy,Drama,Romance","2010s",7.2,1234
"tt0071524","The Front Page",1974,"Comedy,Drama,Romance","1970s",7.3,16553
"tt21927594","Girl You Know It's True",2023,"Biography,Drama,Music","2020s",7.1,4572
"tt0373175","My Architect",2003,"Biography,Documentary","2000s",7.4,3448
"tt6980546","Bharath Ane Nenu",2018,"Action,Drama,Thriller","2010s",7.4,20049
"tt4080598","100 Yen Love",2014,"Comedy,Drama","2010s",7.1,3135
"tt1092021","The Investigator",2008,"Comedy,Crime,Drama","2000s",7.4,2847
"tt0083203","Time for Revenge",1981,"Drama,Thriller","1980s",7.8,1528
"tt4328934","Taramani",2017,"Drama,Romance","2010s",7.4,1982
"tt7358598","Let Me Fall",2018,"Biography,Crime,Drama","2010s",7.7,1141
"tt1157720","Stranded",2007,"Documentary","2000s",8,1547
"tt0378215","King's Game",2004,"Drama,Thriller","2000s",7.3,5434
"tt4000670","Mifune: The Last Samurai",2015,"Biography,Documentary","2010s",7.2,1485
"tt0069824","Brother Sun, Sister Moon",1972,"Biography,Drama,History","1970s",7.2,5312
"tt11026788","Ye Mard Bechara",2021,"Comedy","2020s",7.7,1074
"tt0073864","The Old Gun",1975,"Drama,Thriller,War","1970s",7.5,5790
"tt7544820","Too Funny to Fail: The Life & Death of The Dana Carvey Show",2017,"Documentary","2010s",7.7,2148
"tt1941638","Sadda Adda",2012,"Comedy,Drama,Romance","2010s",7,1489
"tt2938416","All This Mayhem",2014,"Biography,Documentary,History","2010s",7.8,3922
"tt0119657","Men with Guns",1997,"Adventure,Drama","1990s",7.6,2986
"tt3917210","Life, Animated",2016,"Comedy,Documentary,Drama","2010s",7.4,6353
"tt4298958","Sweet Bean",2015,"Drama","2010s",7.4,14167
"tt22507524","12.12: The Day",2023,"Action,Drama,History","2020s",7.5,4937
"tt1113829","George Harrison: Living in the Material World",2011,"Biography,Documentary,Music","2010s",8.1,13442
"tt14168118","7 Prisoners",2021,"Crime,Drama","2020s",7.1,10363
"tt5891626","Ordinary People",2016,"Drama","2010s",7.3,1050
"tt0116041","The Daytrippers",1996,"Comedy,Drama","1990s",7.1,8849
"tt0122735","Lucky and Zorba",1998,"Animation,Comedy,Drama","1990s",7.2,2130
"tt0079278","Chilly Scenes of Winter",1979,"Comedy,Drama,Romance","1970s",7,2236
"tt0083652","Bill Cosby: Himself",1983,"Comedy,Documentary","1980s",8.1,3820
"tt0076855","One Sings, the Other Doesn't",1977,"Drama,History","1970s",7.4,3155
"tt0435761","Toy Story 3",2010,"Adventure,Animation,Comedy","2010s",8.3,967419
"tt15006566","The Beasts",2022,"Drama,Thriller","2020s",7.5,25300
"tt0093267","Intervista",1987,"Comedy,Drama,Fantasy","1980s",7,3573
"tt10151260","Sons of Rizk 2",2019,"Action,Comedy,Crime","2010s",7.1,3545
"tt0171357","Barefoot Gen 2",1986,"Animation,Biography,Drama","1980s",7.1,1638
"tt4374460","Aferim!",2015,"Adventure,Comedy,Drama","2010s",7.6,8474
"tt0074705","Jack and the Beanstalk",1974,"Adventure,Animation,Family","1970s",7.2,1129
"tt2674040","Keep on Keepin' On",2014,"Documentary","2010s",7.7,1099
"tt9729768","June Again",2020,"Drama","2020s",7.2,1994
"tt0066999","Dirty Harry",1971,"Action,Crime,Thriller","1970s",7.7,180528
"tt10735778","Lethal Kittens",2020,"Comedy","2020s",7.6,1234
"tt7881550","Har Kisse Ke Hisse: Kaamyaab",2018,"Drama","2010s",7.7,4658
"tt1813757","Who Killed Captain Alex?",2015,"Action,Crime,Mystery","2010s",7.8,11834
"tt5338620","Satyavati",2016,"Crime","2010s",8.2,1994
"tt0100519","Rosencrantz & Guildenstern Are Dead",1990,"Comedy,Drama","1990s",7.3,25646
"tt0406672","Crayon Shin-chan: Pursuit of the Balls of Darkness",1997,"Action,Adventure,Animation","1990s",7,1050
"tt12567088","Raat Akeli Hai",2020,"Crime,Drama,Mystery","2020s",7.2,22647
"tt1149583","Flow: For Love of Water",2008,"Documentary","2000s",7.5,1222
"tt0312886","July Rhapsody",2002,"Drama","2000s",7.1,1269
"tt0065421","The Aristocats",1970,"Adventure,Animation,Comedy","1970s",7.1,124822
"tt11055922","Fat Fiction",2020,"Documentary","2020s",7.7,3501
"tt0084385","Namak Halaal",1982,"Action,Comedy,Drama","1980s",7.2,3107
"tt2265539","Second Show",2012,"Action,Crime","2010s",7.1,1962
"tt27367464","Kneecap",2024,"Comedy,Drama","2020s",7.6,24560
"tt4121610","Tulipani: Liefde, eer en een fiets",2017,"Comedy,Drama","2010s",7,1290
"tt0117589","Secrets & Lies",1996,"Comedy,Drama","1990s",8,51368
"tt0067649","Downpour",1972,"Comedy,Drama,Romance","1970s",7.2,1214
"tt1807022","Super",2010,"Drama","2010s",8,2899
"tt1174732","An Education",2009,"Drama","2000s",7.2,141047
"tt0066989","Two English Girls",1971,"Drama,Romance","1970s",7.2,6378
"tt0117631","Shine",1996,"Biography,Drama,Music","1990s",7.6,58926
"tt0119626","Martín (Hache)",1997,"Drama","1990s",7.6,5058
"tt0066817","Bedknobs and Broomsticks",1971,"Adventure,Animation,Comedy","1970s",7.1,43335
"tt1663202","The Revenant",2015,"Action,Adventure,Drama","2010s",8,947557
"tt1971466","Daisy, a Hen Into the Wild",2011,"Adventure,Animation,Drama","2010s",7,1217
"tt10272386","The Father",2020,"Drama,Mystery","2020s",8.2,243546
"tt1706593","Chronicle",2012,"Action,Drama,Sci-Fi","2010s",7,277240
"tt8618654","Kiss the Ground",2020,"Documentary","2020s",8.1,8117
"tt0808506","The Girl Who Leapt Through Time",2006,"Adventure,Animation,Comedy","2000s",7.6,75664
"tt1242422","Cell 211",2009,"Action,Crime,Drama","2000s",7.6,73842
"tt5255710","Sanam Teri Kasam",2016,"Drama,Musical,Romance","2010s",7.6,22943
"tt6851430","My Extraordinary Summer with Tess",2019,"Comedy,Drama,Family","2010s",7,1286
"tt1596343","Fast Five",2011,"Action,Crime,Thriller","2010s",7.3,432613
"tt30953759","No Other Land",2024,"Documentary","2020s",8.2,34438
"tt15192796","Brandy Diaries",2021,"Drama","2020s",8.4,1441
"tt10409498","Only the Animals",2019,"Crime,Drama,Mystery","2010s",7.1,9261
"tt0492506","Wordplay",2006,"Documentary","2000s",7.4,3878
"tt2053352","Diana Vreeland: The Eye Has to Travel",2011,"Biography,Documentary","2010s",7.5,1769
"tt0083745","Come Back to the 5 & Dime Jimmy Dean, Jimmy Dean",1982,"Comedy,Drama","1980s",7.1,5761
"tt2534648","Love Is Blind",2013,"Drama,Romance","2010s",7.3,1019
"tt5889462","Guppy",2016,"Comedy,Drama","2010s",8.1,2792
"tt10505316","Lost Illusions",2021,"Drama,Romance","2020s",7.4,7680
"tt0106387","Benny & Joon",1993,"Comedy,Drama,Romance","1990s",7.1,65287
"tt0445620","Paradise Now",2005,"Crime,Drama,Thriller","2000s",7.4,24851
"tt0180748","In China They Eat Dogs",1999,"Action,Comedy,Crime","1990s",7.3,24501
"tt5983262","Tikli and Laxmi Bomb",2017,"Drama","2010s",7,7330
"tt0827517","Reprise",2006,"Drama","2000s",7.3,17880
"tt0105208","Ram Ke Naam",1992,"Documentary","1990s",8.8,1049
"tt5165878","What Lies Upstream",2017,"Documentary,Mystery","2010s",7.3,1614
"tt9614988","Sillu Karuppatti",2019,"Drama,Romance","2010s",7.9,2168
"tt0105750","The Bohemian Life",1992,"Comedy,Drama,Romance","1990s",7.6,7172
"tt3612616","Mommy",2014,"Drama","2010s",8,65516
"tt0263283","The Return",1972,"Drama","1970s",7.8,1410
"tt15516546","Ela Veezha Poonchira",2022,"Crime,Mystery,Thriller","2020s",7.3,3336
"tt0116851","Leila",1997,"Drama,Family,Romance","1990s",7.4,4440
"tt0442781","Varalaaru",2006,"Action,Drama","2000s",7.3,4105
"tt21438352","Is That Black Enough for You?!?",2022,"Documentary,History","2020s",7.2,1728
"tt9048802","Father",2020,"Drama","2020s",7.6,3300
"tt3721954","Maudie",2016,"Biography,Drama,Romance","2010s",7.6,25578
"tt0845439","Fireworks Wednesday",2006,"Drama,Mystery,Romance","2000s",7.6,14702
"tt13177004","Sacred Cow: The Nutritional, Environmental and Ethical Case for Better Meat",2020,"Documentary","2020s",7.8,1462
"tt0189154","Toplo",1978,"Comedy","1970s",8.4,1280
"tt0089881","Ran",1985,"Action,Drama,War","1980s",8.2,151604
"tt19894774","The Braid",2023,"Drama","2020s",7.2,2494
"tt0441758","The Fearless Freaks",2005,"Biography,Documentary,Music","2000s",7.8,1167
"tt0076446","Unfinished Piece for the Player Piano",1977,"Drama","1970s",7.7,4121
"tt0173772","My Voyage to Italy",1999,"Documentary","1990s",8.2,3710
"tt3264102","Red Army",2014,"Biography,Documentary,History","2010s",7.6,7452
"tt0120126","Sick",1997,"Documentary","1990s",7.5,1806
"tt0114594","Swimming with Sharks",1994,"Comedy,Crime","1990s",7,25936
"tt28814949","Taylor Swift: The Eras Tour",2023,"Documentary,Music","2020s",8,25803
"tt28970800","THEVR10: A dokumentumfilm",2023,"Documentary","2020s",8.9,1263
"tt0765833","Happy Days",1978,"Comedy,Drama,Family","1970s",8.7,12946
"tt0289968","The Chaos Class Is Fretting Over",1978,"Adventure,Comedy,Drama","1970s",7.2,9755
"tt0110251","Nobody Loves Me",1994,"Comedy,Drama","1990s",7.1,1288
"tt1979319","Rurouni Kenshin Part I: Origins",2012,"Action,Adventure,Drama","2010s",7.4,31245
"tt3521134","The Look of Silence",2014,"Biography,Documentary,History","2010s",8.2,14872
"tt0086935","Balkan Spy",1984,"Comedy,Drama","1980s",8.7,13428
"tt15554466","Vanilla Ice Cream",2024,"Comedy","2020s",8.1,1172
"tt7853242","Love Per Square Foot",2018,"Comedy,Romance","2010s",7.1,9683
"tt0067885","The Third Part of the Night",1971,"Drama,Horror,War","1970s",7.3,3213
"tt0077280","The Buddy Holly Story",1978,"Biography,Drama,Music","1970s",7.3,10758
"tt0161100","The Wood",1999,"Comedy,Drama,Romance","1990s",7,11161
"tt6129302","Bhavesh Joshi Superhero",2018,"Action,Crime,Drama","2010s",7.6,11408
"tt11697844","There Is No Evil",2020,"Drama","2020s",7.5,7881
"tt0377569","Good Morning, Night",2003,"Drama","2000s",7.1,4275
"tt1217213","Secret of the Wings",2012,"Animation,Family,Fantasy","2010s",7,16251
"tt0844457","North Face",2008,"Adventure,Biography,Drama","2000s",7.4,17082
"tt1590078","It Felt Like a Kiss",2009,"Documentary,History,Music","2000s",7.8,1032
"tt0238936","Devdas",2002,"Drama,Musical,Romance","2000s",7.6,52039
"tt4911656","A Copy of My Mind",2015,"Drama","2010s",7.2,1061
"tt0171865","Wonderland",1999,"Drama","1990s",7.1,4333
"tt0407236","Lunacy",2005,"Animation,Comedy,Drama","2000s",7.1,4140
"tt0480732","Shyamol Chhaya",2004,"Drama","2000s",8.5,2550
"tt0332639","Together",2002,"Drama,Music","2000s",7.4,4571
"tt0248428","Shiva",1989,"Action,Crime,Drama","1980s",8,4379
"tt15353644","English Manja",2023,"Crime","2020s",7.8,1105
"tt8110330","Dil Bechara",2020,"Comedy,Drama,Romance","2020s",8.3,137591
"tt0299213","Waterboys",2001,"Comedy,Sport","2000s",7.1,3230
"tt0087538","The Karate Kid",1984,"Action,Drama,Family","1980s",7.3,270632
"tt0303243","Happy Times",2000,"Comedy,Drama,Romance","2000s",7.3,4300
"tt1172570","Bronson",2008,"Action,Crime,Drama","2000s",7,149502
"tt2316465","Big Easy Express",2012,"Documentary,Musical","2010s",7.5,1045
"tt0306909","Public Enemy",2002,"Action,Comedy","2000s",7.1,2470
"tt0449662","Tu pa tam",2004,"Action,Adventure,Comedy","2000s",7.1,1215
"tt0381668","Tropical Malady",2004,"Drama,Fantasy,Romance","2000s",7.1,6783
"tt0483703","So Close, So Far",2005,"Drama","2000s",7.5,2949
"tt0254686","The Piano Teacher",2001,"Drama,Music","2000s",7.5,80525
"tt8260948","Eternity",2017,"Drama","2010s",7.7,1146
"tt6067832","Batman & Bill",2017,"Animation,Documentary,Mystery","2010s",7.9,2465
"tt1129435","The Beaches of Agnès",2008,"Biography,Documentary","2000s",8,5320
"tt0090955","The Making of Fanny and Alexander",1984,"Documentary","1980s",7.5,1100
"tt0108289","Flirting Scholar",1993,"Comedy,Romance","1990s",7.6,7031
"tt0093426","An Autumn's Tale",1987,"Drama,Romance","1980s",7.5,2747
"tt0252360","Davaci",1987,"Comedy,Drama","1980s",7.1,3811
"tt1856080","The Boys in the Boat",2023,"Biography,Drama,Sport","2020s",7,29965
"tt0133240","Treasure Planet",2002,"Adventure,Animation,Family","2000s",7.2,147733
"tt0489458","Drained",2006,"Comedy,Drama","2000s",7.3,6026
"tt2258281","Beyond the Hills",2012,"Drama","2010s",7.5,13795
"tt2492916","Muscle Shoals",2013,"Biography,Documentary,History","2010s",7.8,4548
"tt0378194","Kill Bill: Vol. 2",2004,"Action,Crime,Thriller","2000s",8,868286
"tt0062285","Oh, Sun",1970,"Drama","1970s",7.4,1074
"tt3532216","American Made",2017,"Action,Comedy,Crime","2010s",7.2,232264
"tt22768450","Apolonia, Apolonia",2022,"Biography,Documentary","2020s",7.1,1020
"tt3771626","The Brainwashing of My Dad",2015,"Documentary","2010s",7,1659
"tt3704050","Remember",2015,"Drama,Mystery,Thriller","2010s",7.5,29747
"tt0116922","Lost Highway",1997,"Drama,Mystery,Thriller","1990s",7.6,169899
"tt3622120","Kilo Two Bravo",2014,"Adventure,Biography,Drama","2010s",7.1,15598
"tt3529198","My Little Pony: Equestria Girls - Rainbow Rocks Animated",2014,"Adventure,Animation,Comedy","2010s",7.1,4444
"tt1173901","The Island",2007,"Action,Biography,Drama","2000s",7.8,4495
"tt0467406","Juno",2007,"Comedy,Drama","2000s",7.4,571862
"tt6908274","Mirage",2018,"Drama,Fantasy,Mystery","2010s",7.4,71124
"tt22039142","Enough for Now",2024,"Drama","2020s",7.4,1722
"tt0256408","Startup.com",2001,"Documentary","2000s",7.1,3517
"tt1016290","Crows Zero",2007,"Action,Comedy,Crime","2000s",7,9560
"tt0089371","Mr. Vampire",1985,"Action,Comedy,Fantasy","1980s",7.2,5316
"tt1235841","Sidewalls",2011,"Comedy,Drama","2010s",7.5,17228
"tt0106881","Fearless",1993,"Drama,Thriller","1990s",7,26083
"tt21848358","Jogi",2022,"Drama,Thriller","2020s",7.1,7284
"tt0421625","Istanbul Tales",2005,"Drama,Thriller","2000s",7.3,7225
"tt3719896","My All-American",2015,"Biography,Drama,Sport","2010s",7.2,9041
"tt10928202","Hawa",2022,"Drama,Mystery","2020s",7.6,7382
"tt12444440","The Big Hit",2020,"Comedy,Drama","2020s",7,3680
"tt0073486","One Flew Over the Cuckoo's Nest",1975,"Drama","1970s",8.6,1155012
"tt1582244","Guilty",2011,"Biography,Crime,Drama","2010s",7.3,2143
"tt5310412","Vazvishenie",2017,"Comedy,Drama,History","2010s",7.7,1873
"tt0111408","That's Entertainment! III",1994,"Documentary,Family,Musical","1990s",7.5,1880
"tt0373760","Cinema, Aspirins and Vultures",2005,"Adventure,Drama","2000s",7.3,3354
"tt0996982","The Tour",2008,"Action,Adventure,Comedy","2000s",7.3,3557
"tt28504359","Okkaroju... 48 Hours",2023,"Drama,Thriller","2020s",8.6,1084
"tt4818930","Waiting",2015,"Comedy,Drama","2010s",7.2,1950
"tt8094272","Reva",2018,"Drama","2010s",8.2,1004
"tt0475783","Welcome to Dongmakgol",2005,"Comedy,Drama,War","2000s",7.6,7905
"tt0332136","If Only",2004,"Comedy,Drama,Fantasy","2000s",7,35152
"tt1754109","Les Misérables in Concert: The 25th Anniversary",2010,"Drama,Musical","2010s",8.8,6806
"tt1333634","Burma VJ: Reporting from a Closed Country",2008,"Documentary,History,News","2000s",7.8,2567
"tt0232114","The Most Beautiful Wife",1970,"Crime,Drama","1970s",7,1295
"tt6792282","A Twelve-Year Night",2018,"Adventure,Biography,Crime","2010s",7.5,11739
"tt6333054","Chasing Coral",2017,"Documentary","2010s",8,5946
"tt5073020","God Knows Where I Am",2016,"Biography,Documentary,Drama","2010s",7.2,1123
"tt4733046","The Weight of Chains 2",2014,"Comedy,Documentary,History","2010s",8.7,1481
"tt0107050","Grumpy Old Men",1993,"Comedy,Drama,Romance","1990s",7,57458
"tt0419058","Phir Hera Pheri",2006,"Comedy,Crime","2000s",7.4,31947
"tt1784458","Groenten uit Balen",2011,"Drama,History","2010s",7,1244
"tt13086130","Soulmate",2023,"Drama,Romance","2020s",7.4,3216
"tt0065988","Little Big Man",1970,"Adventure,Comedy,Drama","1970s",7.5,40304
"tt0067800","Straw Dogs",1971,"Crime,Drama,Thriller","1970s",7.4,68178
"tt8529512","Hope You Die Next Time:-)",2018,"Drama,Thriller","2010s",7.1,2613
"tt6027478","Dhruva",2016,"Action,Crime,Thriller","2010s",7.7,8851
"tt0113971","Nothing Funny",1995,"Comedy,Drama","1990s",7.3,4208
"tt0441297","Habana Blues",2005,"Drama,Music","2000s",7.1,2704
"tt0418110","Romanzo Criminale",2005,"Crime,Drama","2000s",7.2,10170
"tt0162973","Get Real",1998,"Comedy,Drama,Romance","1990s",7.5,15199
"tt8139850","Mercury 13",2018,"Documentary","2010s",7,1373
"tt12818328","Hundreds of Beavers",2022,"Action,Adventure,Comedy","2020s",7.6,16730
"tt0251091","Before the Storm",2000,"Crime,Drama,Thriller","2000s",7.2,1063
"tt18394610","Nuovo Olimpo",2023,"Drama,Romance","2020s",7.2,7327
"tt0141998","The Last Spring",1994,"Drama,Sport","1990s",8.1,1231
"tt0149291","Three Palms for Two Punks and a Babe",1998,"Comedy","1990s",7.6,4392
"tt2504022","Narco Cultura",2013,"Crime,Documentary","2010s",7.2,2540
"tt0326449","Zona Zamfirova",2002,"Comedy,Drama","2000s",7.3,5213
"tt8396492","The Great Indian Road Movie",2019,"Adventure,Drama,Family","2010s",8.2,3625
"tt0926084","Harry Potter and the Deathly Hallows: Part 1",2010,"Adventure,Family,Fantasy","2010s",7.7,662532
"tt0813548","Godavari",2006,"Drama,Romance","2000s",8,1924
"tt0371746","Iron Man",2008,"Action,Adventure,Sci-Fi","2000s",7.9,1221376
"tt6668212","A Life of Speed: The Juan Manuel Fangio Story",2020,"Biography,Documentary,Sport","2020s",7.1,2558
"tt0106677","Dazed and Confused",1993,"Comedy","1990s",7.6,215627
"tt5083738","The Favourite",2018,"Biography,Comedy,Drama","2010s",7.5,258192
"tt1094275","Under the Bombs",2007,"Drama,Romance,War","2000s",7,1808
"tt2133191","Beautiful",2011,"Biography,Drama,Family","2010s",7.5,1070
"tt4302938","Kubo and the Two Strings",2016,"Action,Adventure,Animation","2010s",7.7,146542
"tt0120363","Toy Story 2",1999,"Adventure,Animation,Comedy","1990s",7.9,668360
"tt1278060","The Garden of Sinners: Paradox Spiral",2008,"Action,Animation,Crime","2000s",7.9,2450
"tt0757157","A Millionaire's First Love",2006,"Drama,Romance","2000s",7.2,5554
"tt0075019","Operation Daybreak",1975,"Drama,History,War","1970s",7,2587
"tt16227044","Untitled Martha Stewart Documentary",2021,"Documentary","2020s",7.2,4578
"tt1785394","Bleach the Movie: Hell Verse",2010,"Action,Adventure,Animation","2010s",7.3,3925
"tt0314331","Love Actually",2003,"Comedy,Drama,Romance","2000s",7.5,579832
"tt1038693","The Story of Luke",2012,"Comedy,Drama,Romance","2010s",7.1,3389
"tt10687158","Western Stars",2019,"Documentary,Music","2010s",7.6,2061
"tt21071620","Pookkaalam",2023,"Comedy,Drama,Family","2020s",7.3,5039
"tt0107472","The Wonderful, Horrible Life of Leni Riefenstahl",1993,"Biography,Documentary,History","1990s",8,3167
"tt1500703","Cow",2009,"Drama","2000s",7.2,1016
"tt0458375","The Goebbels Experiment",2005,"Biography,Documentary,History","2000s",7.3,1050
"tt1441940","Broken",2012,"Drama,Romance","2010s",7.2,15772
"tt1160419","Dune",2021,"Action,Adventure,Drama","2020s",8,1037595
"tt1916728","Shor in the City",2010,"Crime,Drama","2010s",7.2,4313
"tt0098437","The Winter War",1989,"Drama,History,War","1980s",7.5,9234
"tt7591430","Summer Survivors",2018,"Drama","2010s",7.5,1785
"tt7636728","When It Melts",2023,"Drama","2020s",7.2,1724
"tt0271211","Stoked: The Rise and Fall of Gator",2002,"Documentary,Sport","2000s",7.2,1193
"tt0892769","How to Train Your Dragon",2010,"Action,Adventure,Animation","2010s",8.1,891291
"tt0095159","A Fish Called Wanda",1988,"Comedy,Crime","1980s",7.5,165277
"tt0082206","Clean Slate",1981,"Comedy,Crime,Drama","1980s",7.3,7227
"tt3037164","Kills On Wheels",2016,"Action,Comedy,Drama","2010s",7.1,4118
"tt2922382","Neram",2013,"Action,Comedy,Crime","2010s",7.5,5769
"tt1759682","The Loving Story",2011,"Documentary,Drama,History","2010s",7.6,1012
"tt0084335","Missing",1982,"Biography,Drama,History","1980s",7.7,25611
"tt11306926","Badava Rascal",2021,"Action,Comedy","2020s",7.3,1784
"tt3646946","Gekijôban Shingeki no Kyojin Kôhen: Jiyû no tsubasa",2015,"Action,Animation,Fantasy","2010s",7.9,4365
"tt26425683","j-hope IN THE BOX",2023,"Documentary,Music","2020s",8.4,2571
"tt10734928","The Legend of Hei",2019,"Action,Adventure,Animation","2010s",7.3,3996
"tt5434972","Fastball",2016,"Documentary,Sport","2010s",7.4,1962
"tt6734886","Power Paandi",2017,"Action,Drama,Musical","2010s",7.4,2496
"tt0076363","The Many Adventures of Winnie the Pooh",1977,"Animation,Comedy,Family","1970s",7.5,42736
"tt0103994","Like Water for Chocolate",1992,"Drama,Romance","1990s",7.1,20481
"tt0369258","Bal-Can-Can",2005,"Action,Adventure,Comedy","2000s",7.6,2873
"tt2098782","Pilla Zamindar",2011,"Comedy,Drama","2010s",7.8,3925
"tt0382330","As It Is in Heaven",2004,"Comedy,Drama,Music","2000s",7.5,19258
"tt0169880","Neon Genesis Evangelion: Death & Rebirth",1997,"Action,Animation,Drama","1990s",7.2,16943
"tt0770828","Man of Steel",2013,"Action,Adventure,Sci-Fi","2010s",7.1,865340
"tt1249171","Global Metal",2008,"Documentary,Music","2000s",7.9,4993
"tt0083162","The Mysterious Castle in the Carpathians",1981,"Adventure,Comedy,Fantasy","1980s",7.2,1719
"tt0084304","Death of Yazdgerd",1982,"Drama,History","1980s",8.3,1497
"tt0209180","Sky Hook",2000,"Drama,War","2000s",8.2,5665
"tt1121977","Mother and Child",2009,"Drama,Romance","2000s",7.2,13306
"tt0085959","The Meaning of Life",1983,"Comedy,Musical","1980s",7.5,129938
"tt14992954","Mukhosh",2021,"Thriller","2020s",7.1,1042
"tt6167894","Angamaly Diaries",2017,"Action,Comedy,Thriller","2010s",7.9,7087
"tt1988733","Naalaiya Theerpu",1992,"Drama,Romance","1990s",7.3,1466
"tt16445248","Oink",2022,"Animation,Comedy,Family","2020s",7,1152
"tt0266308","Battle Royale",2000,"Action,Adventure,Drama","2000s",7.5,206883
"tt9206562","Make Us Dream",2018,"Biography,Documentary,Sport","2010s",7.9,3569
"tt0342258","Unleashed",2005,"Action,Crime,Thriller","2000s",7,111931
"tt0386038","Silentium",2004,"Crime,Thriller","2000s",7.4,3626
"tt5580036","I, Tonya",2017,"Biography,Comedy,Drama","2010s",7.5,261098
"tt8191502","Microhabitat",2017,"Comedy,Drama,Romance","2010s",7.4,3529
"tt7719976","Omnipresence of Rhythm",2018,"Drama,Music","2010s",7.5,1484
"tt0331621","Run",2002,"Action,Comedy,Drama","2000s",7,1190
"tt0071143","Beautiful People",1974,"Comedy,Documentary","1970s",8.2,4416
"tt5157326","Western",2017,"Drama","2010s",7,4455
"tt1392214","Prisoners",2013,"Crime,Drama,Mystery","2010s",8.2,931220
"tt4936450","Graduation",2016,"Crime,Drama","2010s",7.3,15460
"tt10289996","The Black Godfather",2019,"Biography,Documentary","2010s",7.5,1634
"tt10195452","American Skin",2019,"Drama,Thriller","2010s",7,4203
"tt0794399","We're All Christs",2006,"Drama","2000s",7.2,2940
"tt2093100","Home",2011,"Drama","2010s",7.4,1414
"tt4299300","My Blind Date with Life",2017,"Biography,Comedy,Drama","2010s",7.1,6117
"tt0482389","Gentleman",1993,"Action,Drama,Thriller","1990s",7.8,2935
"tt5082014","Charlie",2015,"Adventure,Drama,Romance","2010s",8.1,15035
"tt19631646","Behind the Haystacks",2022,"Drama,Family,Thriller","2020s",7,1222
"tt14428606","Man in Love",2021,"Drama,Romance","2020s",7.1,4486
"tt0066906","Le Chat",1971,"Drama","1970s",7.5,2671
"tt14097376","Climax",2021,"Crime,Mystery,Thriller","2020s",7.2,2491
"tt7455754","The Game Changers",2018,"Documentary,Sport","2010s",7.8,22589
"tt0117731","Star Trek: First Contact",1996,"Action,Adventure,Drama","1990s",7.6,137740
"tt0978762","Mary and Max",2009,"Animation,Comedy,Drama","2000s",8.1,201333
"tt1280501","The Necessities of Life",2008,"Drama","2000s",7.6,1068
"tt3153532","Violence",2015,"Crime,Thriller","2010s",7.6,1193
"tt5431890","Official Secrets",2019,"Biography,Crime,Drama","2010s",7.3,60523
"tt5109280","Raya and the Last Dragon",2021,"Action,Adventure,Animation","2020s",7.3,187356
"tt11182994","Zillion",2022,"Biography,Crime,Drama","2020s",7.2,4151
"tt0251355","Pushpaka Vimana",1987,"Comedy,Drama","1980s",8.6,4427
"tt1385826","The Adjustment Bureau",2011,"Crime,Drama,Mystery","2010s",7,282216
"tt0076286","The Hunters",1977,"Drama","1970s",7.4,1181
"tt0311913","Chinese Odyssey 2002",2002,"Comedy,Romance","2000s",7,2768
"tt0112445","The White Balloon",1995,"Drama,Family","1990s",7.6,9235
"tt3734466","How Old Are You?",2014,"Drama","2010s",7.1,1636
"tt0090576","The Assault",1986,"Drama,History,Romance","1980s",7.2,3637
"tt0378897","A Touch of Spice",2003,"Drama","2000s",7.5,15567
"tt21221386","Secret Mall Apartment",2024,"Documentary","2020s",7,2995
"tt5012320","Out of My Mind",2024,"Drama","2020s",7.4,3320
"tt0880477","Seasons change: Phror arkad plian plang boi",2006,"Comedy,Drama,Music","2000s",7.6,1069
"tt5538118","The Best of All Worlds",2017,"Biography,Drama","2010s",7.6,1198
"tt6728390","Kuroko's Basketball: Last Game",2017,"Animation,Drama,Sport","2010s",7.7,4490
"tt0068575","Fat City",1972,"Drama,Sport","1970s",7.2,11613
"tt6249904","Jatra",2016,"Action,Comedy,Drama","2010s",8.1,1137
"tt0089015","Desert Hearts",1985,"Drama,Romance","1980s",7.1,8445
"tt8721556","Jallikattu",2019,"Action,Crime,Thriller","2010s",7.3,9590
"tt0089074","Egészséges erotika",1986,"Comedy","1980s",7.4,1549
"tt1134828","Chameleon",2008,"Comedy,Drama,Thriller","2000s",7.2,2577
"tt7089878","Liz and the Blue Bird",2018,"Animation,Drama,Fantasy","2010s",7.2,3046
"tt0085896","Mandi",1983,"Comedy,Drama","1980s",7.5,1082
"tt1527211","Toyour elzalam",1995,"Drama,Thriller","1990s",7.4,1911
"tt10196464","Ramprasad Ki Tehrvi",2019,"Comedy,Drama","2010s",7.4,7161
"tt0354593","Golden Chicken",2002,"Comedy,Drama","2000s",7.1,1118
"tt11219254","We Made a Beautiful Bouquet",2021,"Drama,Romance","2020s",7.5,4907
"tt2768084","Doraemon: Nobita's Secret Gadget Museum",2013,"Action,Adventure,Animation","2010s",7.1,1787
"tt6048922","Greyhound",2020,"Action,Drama,History","2020s",7,132672
"tt0110475","The Mask",1994,"Action,Comedy,Crime","1990s",7,469098
"tt0086022","Nostalghia",1983,"Drama","1980s",7.9,33020
"tt1698652","Champs",2014,"Biography,Documentary,Sport","2010s",7.2,2008
"tt0159509","Mobile Suit Gundam I",1981,"Action,Adventure,Animation","1980s",7,2810
"tt5566714","Hawaii",2017,"Drama","2010s",7.5,1485
"tt1377278","Defamation",2009,"Documentary","2000s",7.4,1930
"tt0069113","The Poseidon Adventure",1972,"Action,Adventure,Drama","1970s",7.1,53814
"tt0109117","Andaz Apna Apna",1994,"Action,Comedy,Romance","1990s",8,57842
"tt0097728","Leningrad Cowboys Go America",1989,"Comedy,Music","1980s",7,9438
"tt0088334","Urusei Yatsura 2: Beautiful Dreamer",1984,"Adventure,Animation,Comedy","1980s",7.4,2462
"tt0390205","Once Upon a Time in High School: The Spirit of Jeet Kune Do",2004,"Action,Drama,History","2000s",7.4,2911
"tt9348296","Oh Baby",2019,"Comedy,Drama,Fantasy","2010s",7.3,3504
"tt1395054","Once Upon a Time in Mumbaai",2010,"Action,Crime,Drama","2010s",7.4,21087
"tt0473705","State of Play",2009,"Crime,Drama,Mystery","2000s",7.1,166278
"tt7193362","Where's My Roy Cohn?",2019,"Documentary","2010s",7,1403
"tt3884528","Batkid Begins: The Wish Heard Around the World",2015,"Biography,Documentary,Family","2010s",7.1,1872
"tt1715210","Time of Eve",2010,"Animation,Drama,Romance","2010s",7.2,4370
"tt1327773","The Butler",2013,"Biography,Drama","2010s",7.2,123680
"tt0102685","Point Break",1991,"Action,Crime,Thriller","1990s",7.3,224384
"tt3638396","Closet Monster",2015,"Drama,Fantasy,Mystery","2010s",7,9697
"tt0095360","Imagine: John Lennon",1988,"Biography,Documentary,Music","1980s",7.8,5417
"tt0202055","Vanaprastham",1999,"Drama","1990s",8.1,2143
"tt0247199","The Believer",2001,"Drama","2000s",7.1,43593
"tt0122186","Captain Khorshid",1987,"Crime,Drama","1980s",7.4,1425
"tt0115685","The Birdcage",1996,"Comedy","1990s",7.3,115641
"tt1473063","The Well-Digger's Daughter",2011,"Comedy,Drama,Romance","2010s",7,4429
"tt0067144","The Go-Between",1971,"Drama,Romance","1970s",7.1,7105
"tt0087377","The Crazy Family",1984,"Comedy,Drama","1980s",7,1292
"tt0076734","Soldier of Orange",1977,"Drama,Romance,Thriller","1970s",7.6,14797
"tt3677412","An Open Secret",2014,"Crime,Documentary","2010s",7.3,2600
"tt0065636","Diary of a Mad Housewife",1970,"Comedy,Drama","1970s",7,2590
"tt3385524","Stan & Ollie",2018,"Biography,Comedy,Drama","2010s",7.2,41573
"tt0087164","A Summer at Grandpa's",1984,"Drama","1980s",7.6,2064
"tt0102164","Johnny Stecchino",1991,"Comedy,Crime,Romance","1990s",7.2,12376
"tt1754392","Rabat",2011,"Drama","2010s",7.1,2391
"tt0481499","The Croods",2013,"Adventure,Animation,Comedy","2010s",7.1,250955
"tt5312232","Sairat",2016,"Drama,Romance","2010s",8.3,16344
"tt0436629","New York Doll",2005,"Documentary,Music","2000s",7.7,1902
"tt1117394","Transcendent Man",2009,"Documentary","2000s",7.1,1924
"tt0318202","To Be and to Have",2002,"Documentary,Family","2000s",7.8,8740
"tt0121431","Johnny Corncob",1973,"Adventure,Animation,Comedy","1970s",7.5,1512
"tt12850582","Break the Silence: The Movie",2020,"Documentary,Music","2020s",8.3,2602
"tt0278736","Stanley Kubrick: A Life in Pictures",2001,"Biography,Documentary","2000s",8,12503
"tt0112379","Antonia's Line",1995,"Comedy,Drama","1990s",7.4,10043
"tt0101733","Dil Hai Ki Manta Nahin",1991,"Adventure,Comedy,Drama","1990s",7.2,4996
"tt0297247","Labyrinth",2002,"Adventure,Mystery,Thriller","2000s",7,2528
"tt0084805","Tootsie",1982,"Comedy,Drama,Romance","1980s",7.4,121988
"tt0089643","Murphy's Romance",1985,"Comedy,Drama,Romance","1980s",7,7856
"tt0096257","The Thin Blue Line",1988,"Crime,Documentary","1980s",7.9,27594
"tt0098219","Romero",1989,"Biography,Crime,Drama","1980s",7.2,2618
"tt15523186","Warning",2021,"Action","2020s",8,1363
"tt1241195","Aamir",2008,"Action,Crime,Drama","2000s",7.6,11919
"tt16899584","The Beatles: Get Back - The Rooftop Concert",2022,"Documentary,Music","2020s",8.9,1973
"tt0817225","Secret Sunshine",2007,"Drama","2000s",7.5,10708
"tt8652728","Waves",2019,"Drama,Romance,Sport","2010s",7.5,37963
"tt6221000","Godha",2017,"Comedy,Drama,Sport","2010s",7.5,3121
"tt0083089","Do You Remember Dolly Bell?",1981,"Comedy,Drama,Romance","1980s",7.5,7309
"tt1212450","Lawless",2012,"Biography,Crime,Drama","2010s",7.2,262495
"tt0419434","American Hardcore",2006,"Documentary,History,Music","2000s",7.3,3726
"tt17679584","The Blue Caftan",2022,"Drama,Romance","2020s",7.5,7491
"tt0089941","Runaway Train",1985,"Action,Adventure,Drama","1980s",7.2,36681
"tt15609374","India's Space Odyssey",2021,"Documentary","2020s",8.4,1057
"tt0410407","Orwell Rolls in His Grave",2003,"Documentary","2000s",8,1163
"tt21308470","Jagannatakam",2022,"Drama","2020s",7.3,2059
"tt0857355","The Year My Parents Went on Vacation",2006,"Drama","2000s",7.3,6930
"tt10709114","Immediate Family",2022,"Documentary,Music","2020s",8.5,2811
"tt0091605","The Name of the Rose",1986,"Drama,Mystery,Thriller","1980s",7.7,126838
"tt16154112","The Forever Prisoner",2021,"Crime,Documentary","2020s",7.4,1023
"tt2555268","Maidentrip",2013,"Adventure,Biography,Documentary","2010s",7.5,4090
"tt0081059","The Lion of the Desert",1980,"Biography,Drama,History","1980s",8.2,18932
"tt15137580","Wheel Chair Romeo",2022,"Comedy,Drama,Romance","2020s",8.2,1476
"tt0388154","Mickybo and Me",2004,"Comedy,Drama","2000s",7.2,2581
"tt0094812","Bull Durham",1988,"Comedy,Romance,Sport","1980s",7,64032
"tt8933672","Pathibeku.com",2018,"Drama","2010s",8.9,1143
"tt1143155","Treeless Mountain",2008,"Drama","2000s",7,1989
"tt0822832","Marley & Me",2008,"Drama,Family","2000s",7,175449
"tt0085482","El Norte",1983,"Adventure,Drama","1980s",7.7,6034
"tt0375880","Kaadhal Konden",2003,"Drama,Romance,Thriller","2000s",8,2736
"tt1211837","Doctor Strange",2016,"Action,Adventure,Fantasy","2010s",7.5,877294
"tt0119561","The Long Way Home",1997,"Documentary,History,War","1990s",7.6,1373
"tt0108399","True Romance",1993,"Crime,Drama,Romance","1990s",7.9,260478
"tt1097256","Please Vote for Me",2007,"Documentary","2000s",7.9,1501
"tt5186236","Afterimage",2016,"Biography,Drama,History","2010s",7,3549
"tt13914000","Republic",2021,"Action,Drama,Thriller","2020s",7.8,4245
"tt3265262","Pulp: A Film About Life, Death & Supermarkets",2014,"Documentary,Music","2010s",7.1,1850
"tt0097437","Geethanjali",1989,"Drama,Romance","1980s",8.3,3183
"tt0252618","Köseyi Dönen Adam",1978,"Comedy,Drama","1970s",7.1,3479
"tt26315142","Totem",2023,"Drama","2020s",7,4136
"tt28613536","Bob Trevino Likes It",2024,"Comedy,Drama","2020s",7.4,7521
"tt1080716","The Karamazov Brothers",2008,"Drama","2000s",7.5,1304
"tt0829482","Superbad",2007,"Comedy","2000s",7.6,691708
"tt3187076","Class Enemy",2013,"Drama","2010s",7.5,2387
"tt2625030","New World",2013,"Action,Crime,Drama","2010s",7.5,28772
"tt0249047","Namukku Parkkan Munthiri Thoppukal",1986,"Romance","1980s",8.5,2799
"tt1787660","Being Elmo: A Puppeteer's Journey",2011,"Biography,Documentary","2010s",7.6,7316
"tt2464690","The Rack Pack",2016,"Comedy,Drama,Sport","2010s",7.1,1313
"tt27445004","Abang Adik",2023,"Crime,Drama","2020s",7.2,2069
"tt1319726","The Most Dangerous Man in America: Daniel Ellsberg and the Pentagon Papers",2009,"Documentary","2000s",7.7,2515
"tt0217590","The Adventures of Mowgli",1973,"Adventure,Animation,Family","1970s",7.6,2662
"tt0116275","A Family Thing",1996,"Comedy,Drama","1990s",7.1,4922
"tt0084780","A Tight Spot",1982,"Comedy","1980s",8.2,4137
"tt0070959","State of Siege",1972,"Crime,Drama,Mystery","1970s",7.7,6716
"tt0088175","Sta se zgodi kad se ljubav rodi",1984,"Comedy","1980s",7.2,1466
"tt0245027","The Bench",2000,"Drama","2000s",7.5,4731
"tt0867465","Vinodayathra",2007,"Comedy,Drama,Romance","2000s",7.2,1243
"tt0499238","Milarepa",2006,"Action,Adventure,Biography","2000s",7,1150
"tt3178174","Giovanni's Island",2014,"Animation,Drama,History","2010s",7.3,2441
"tt27737950","Blackbird Blackbird Blackberry",2023,"Drama","2020s",7.1,1809
"tt3642618","Life Eternal",2015,"Comedy,Crime","2010s",7.2,2637
"tt0219207","Dunno on the Moon",1997,"Adventure,Animation,Comedy","1990s",7.2,1168
"tt3560686","The Fool",2014,"Crime,Drama,Thriller","2010s",8,18345
"tt0246809","New Delhi",1987,"Action,Crime,Drama","1980s",7.8,1955
"tt0339419","The Mudge Boy",2003,"Crime,Drama,Romance","2000s",7.1,4889
"tt26594061","Joan Baez I Am a Noise",2023,"Biography,Documentary,Music","2020s",7,1127
"tt4008758","Black",2015,"Action,Crime,Drama","2010s",7,4762
"tt2471640","The Mountain",2012,"Adventure,Drama,Thriller","2010s",7.5,25925
"tt0411469","Hazaaron Khwaishein Aisi",2003,"Drama","2000s",7.9,5588
"tt0420901","Shooting Dogs",2005,"Drama,History,War","2000s",7.6,12392
"tt2226437","The Orheim Company",2012,"Drama","2010s",7,1600
"tt15538570","Johnny",2022,"Biography,Drama","2020s",7.1,3124
"tt6937368","The Lift Boy",2019,"Comedy,Drama","2010s",7.2,3168
"tt11023754","Home Minister",2022,"Action,Drama","2020s",7.4,1131
"tt1229360","It Might Get Loud",2008,"Documentary,Music","2000s",7.6,13971
"tt3721936","American Honey",2016,"Adventure,Drama,Romance","2010s",7,49709
"tt1821480","Kahaani",2012,"Mystery,Thriller","2010s",8.1,69843
"tt0822854","Shooter",2007,"Action,Drama,Thriller","2000s",7.2,375190
"tt0116860","Pretty Village, Pretty Flame",1996,"Drama,History,War","1990s",8.6,18981
"tt4846340","Hidden Figures",2016,"Biography,Drama,History","2010s",7.8,288127
"tt0258490","Khushi",2001,"Drama,Romance","2000s",8.1,6493
"tt0104662","The Dark Side of the Heart",1992,"Comedy,Drama,Romance","1990s",7.3,4367
"tt27922374","Chang An",2023,"Animation,History","2020s",7.5,1781
"tt11874226","David Byrne's American Utopia",2020,"Documentary,Music,Musical","2020s",8.2,5856
"tt4523112","Selam: Bahara Yolculuk",2015,"Biography,Drama,History","2010s",7.1,4219
"tt3300980","The 12th Man",2017,"Drama,History,Thriller","2010s",7.3,32169
"tt0074156","Assault on Precinct 13",1976,"Action,Crime,Thriller","1970s",7.3,60823
"tt0290820","Raakh",1989,"Action,Crime,Drama","1980s",7.1,1343
"tt5815940","Gentleman",2016,"Mystery,Romance,Thriller","2010s",7.1,3075
"tt4446318","Rajathandhiram",2015,"Action,Crime,Thriller","2010s",7.6,1566
"tt0076085","A Special Day",1977,"Drama","1970s",8.1,18468
"tt7941892","Attack on Titan: The Roar of Awakening",2018,"Action,Animation,Fantasy","2010s",8.3,6844
"tt1437366","Beyond",2010,"Drama","2010s",7,4575
"tt3004774","Tigers",2014,"Drama","2010s",7.2,1935
"tt0079221","Gol Maal",1979,"Comedy,Romance","1970s",8.5,22017
"tt6191876","What We Started",2017,"Documentary","2010s",7,1566
"tt0070109","Giordano Bruno",1973,"Biography,Drama,History","1970s",7.1,1080
"tt2675914","In Order of Disappearance",2014,"Action,Comedy,Crime","2010s",7.1,30884
"tt7399470","Qarib Qarib Single",2017,"Comedy,Romance","2010s",7.2,11539
"tt3088580","Phantom",2013,"Drama","2010s",7.5,1203
"tt0424880","Candy",2006,"Drama,Romance","2000s",7.2,49767
"tt8413338","Kumbalangi Nights",2019,"Comedy,Drama,Romance","2010s",8.5,21508
"tt0151804","Office Space",1999,"Comedy","1990s",7.6,308003
"tt3153634","Hope",2013,"Drama","2010s",8.2,11831
"tt8745676","The Swimmers",2022,"Biography,Drama,Sport","2020s",7.4,40339
"tt0479751","Sivaji",2007,"Action,Crime,Drama","2000s",7.6,23816
"tt20452454","Binny and Baba",2022,"Drama","2020s",7.4,5507
"tt3526482","Tales",2014,"Drama","2010s",7,1612
"tt0093207","Wings of Honneamise",1987,"Animation,Drama,Sci-Fi","1980s",7.2,6231
"tt13827606","La civil",2021,"Drama","2020s",7.2,1563
"tt0101428","La Belle Noiseuse",1991,"Drama","1990s",7.5,10520
"tt5996202","The Net",2016,"Drama","2010s",7.4,5029
"tt5390430","Accidental Courtesy: Daryl Davis, Race & America",2016,"Biography,Documentary,History","2010s",7.6,1228
"tt9395794","Armstrong",2019,"Biography,Documentary","2010s",7.1,1127
"tt4364194","The Peanut Butter Falcon",2019,"Adventure,Comedy,Drama","2010s",7.6,119331
"tt6135348","120 BPM",2017,"Drama","2010s",7.4,17649
"tt0110889","Priest",1994,"Drama,Romance","1990s",7.1,11742
"tt0094357","A Better Tomorrow II",1987,"Action,Crime,Drama","1980s",7.2,12651
"tt0090579","Voyeur",1986,"Comedy","1980s",7.4,2706
"tt0109747","La estrategia del caracol",1993,"Comedy,Drama","1990s",7.7,3107
"tt0069452","Walter Defends Sarajevo",1972,"Action,War","1970s",8.1,3244
"tt21215388","Remembering Gene Wilder",2023,"Biography,Documentary","2020s",7.8,3681
"tt2177843","We Are Legion: The Story of the Hacktivists",2012,"Documentary","2010s",7.2,10526
"tt10524262","Missing 411: The Hunted",2019,"Documentary","2010s",7,2590
"tt0104522","Into the West",1992,"Adventure,Family,Fantasy","1990s",7,3404
"tt0155796","Dr. Akagi",1998,"Comedy,Drama,History","1990s",7.2,1687
"tt5233558","The Death and Life of Marsha P. Johnson",2017,"Biography,Documentary","2010s",7.2,3351
"tt28075055","Toby",2023,"Crime,Drama,Thriller","2020s",7.2,3426
"tt8946378","Knives Out",2019,"Comedy,Crime,Drama","2010s",7.9,874812
"tt0246772","Mostly Martha",2001,"Comedy,Drama,Romance","2000s",7.2,8870
"tt0079606","National Class Category Up to 785 Ccm",1979,"Comedy,Drama,Sport","1970s",8.4,4571
"tt0319343","Elf",2003,"Adventure,Comedy,Family","2000s",7.1,346332
"tt6718730","Born a King",2019,"Drama,History","2010s",7.3,3143
"tt0083281","Vernon, Florida",1981,"Documentary","1980s",7,3914
"tt19407476","Bari",2022,"Action,Drama","2020s",8,1544
"tt11332484","The Road Dance",2021,"Drama","2020s",7.1,2276
"tt1668191","Hunting Season",2010,"Crime,Drama,Mystery","2010s",7.4,39372
"tt0082714","Il marchese del Grillo",1981,"Comedy,History","1980s",7.7,4238
"tt0069289","Snoopy Come Home",1972,"Adventure,Animation,Comedy","1970s",7.3,5619
"tt0119177","Gattaca",1997,"Drama,Sci-Fi,Thriller","1990s",7.7,346290
"tt0331642","Rasigan",1994,"Action,Romance","1990s",7,1013
"tt0798796","Tatar Ramazan Sürgünde",1992,"Drama","1990s",8,2171
"tt0441773","Kung Fu Panda",2008,"Action,Adventure,Animation","2000s",7.6,578074
"tt0125298","His Motorbike, Her Island",1986,"Drama,Romance","1980s",7.3,1102
"tt3901826","The Breadwinner",2017,"Animation,Drama,Family","2010s",7.7,30662
"tt0101588","City of Hope",1991,"Crime,Drama","1990s",7.2,2926
"tt1554091","A Better Life",2011,"Drama,Romance","2010s",7.2,17086
"tt0395173","Unconscious",2004,"Comedy,Mystery,Romance","2000s",7.1,2301
"tt0093185","The Hidden",1987,"Horror,Sci-Fi,Thriller","1980s",7,25469
"tt0083872","Another Way",1982,"Biography,Drama,History","1980s",7,1002
"tt0121387","Snow White",1984,"Animation,Comedy,Fantasy","1980s",7.6,1017
"tt0119164","The Full Monty",1997,"Comedy,Drama","1990s",7.2,119703
"tt0375611","Black",2005,"Drama","2000s",8.1,37483
"tt0247745","Super Troopers",2001,"Comedy,Crime,Mystery","2000s",7,118524
"tt0462441","Amazing Journey: The Story of the Who",2007,"Documentary,Music","2000s",8.1,1514
"tt16219768","Grey: The Spy Who Loved Me",2023,"Thriller","2020s",7.1,1969
"tt9808510","Vellam",2021,"Biography,Drama","2020s",7.6,2232
"tt11989890","David Attenborough: A Life on Our Planet",2020,"Biography,Documentary","2020s",8.9,36029
"tt0402493","Ivko's Feast",2005,"Comedy","2000s",7.3,4813
"tt2343601","Knuckleball!",2012,"Documentary,Sport","2010s",7.1,1833
"tt0090022","Silverado",1985,"Action,Crime,Drama","1980s",7.2,54146
"tt0847154","Angels of the Sun",2006,"Drama","2000s",7,1250
"tt6354784","The Hungry",2017,"Drama","2010s",7,1437
"tt2245544","Carry on Jatta",2012,"Comedy","2010s",8.3,3911
"tt0851577","The Island",2006,"Comedy,Drama","2000s",7.8,13264
"tt0071360","The Conversation",1974,"Drama,Mystery,Thriller","1970s",7.7,136650
"tt3060492","Before I Disappear",2014,"Adventure,Drama","2010s",7.2,10711
"tt0190332","Crouching Tiger, Hidden Dragon",2000,"Action,Adventure,Drama","2000s",7.9,294077
"tt7689958","Jane Fonda in Five Acts",2018,"Biography,Documentary","2010s",7.9,3040
"tt1029235","Max Manus: Man of War",2008,"Action,Biography,Crime","2000s",7.3,31480
"tt0318605","Rajavin Parvaiyile",1995,"Drama,Romance","1990s",7,1202
"tt0106330","From Karkheh to Rhein",1993,"Drama,War","1990s",7.1,3140
"tt27078772","Lewis Capaldi: How I'm Feeling Now",2023,"Documentary,Music","2020s",7.3,3217
"tt2361846","Cheatin'",2013,"Animation,Comedy,Drama","2010s",7,1099
"tt3163304","The Farewell Party",2014,"Comedy,Drama,Romance","2010s",7,2350
"tt4334636","Eddie - Strongman",2015,"Documentary","2010s",7.4,1256
"tt0478970","Ant-Man",2015,"Action,Comedy,Sci-Fi","2010s",7.2,778461
"tt1403214","Paradise: Love",2012,"Drama","2010s",7,10860
"tt0119125","Firelight",1997,"Drama,Romance","1990s",7.2,5189
"tt6315524","Take Off",2017,"Action,Drama,Thriller","2010s",8,8141
"tt0079696","The Maids of Wilko",1979,"Drama,Romance","1970s",7.3,1632
"tt0452039","Mind Game",2004,"Adventure,Animation,Comedy","2000s",7.7,11967
"tt13365752","The End of the Storm",2020,"Documentary,Sport","2020s",7.7,1062
"tt0156901","The Apple",1998,"Drama","1990s",7.2,2905
"tt2199436","The Judgment",2014,"Drama","2010s",7.2,1044
"tt26440619","Afire",2023,"Comedy,Drama,Romance","2020s",7,11134
"tt8969332","The Biggest Little Farm",2018,"Documentary,Family","2010s",8,9812
"tt0080728","The Aviator's Wife",1981,"Comedy,Romance","1980s",7.4,5771
"tt0074880","Max Havelaar",1976,"Drama","1970s",7.1,1096
"tt10530176","The Call",2020,"Crime,Horror,Mystery","2020s",7.1,52738
"tt3288290","Leave the World Behind",2014,"Documentary,Music","2010s",7.7,2411
"tt0164063","It's a Long Road",1998,"Drama","1990s",7.9,2892
"tt26731970","All the Long Nights",2024,"Drama","2020s",7,1055
"tt2224317","Robber",2013,"Drama,Romance","2010s",7.4,18143
"tt1773000","Identity Card",2010,"Comedy,Drama","2010s",7.6,1364
"tt4188202","Prophet's Prey",2015,"Biography,Documentary,History","2010s",7.2,2089
"tt2165735","Drug War",2012,"Action,Crime,Drama","2010s",7,11496
"tt7159382","Fidaa",2017,"Comedy,Drama,Romance","2010s",7.4,6532
"tt0096328","U2: Rattle and Hum",1988,"Documentary,Music","1980s",7.6,6402
"tt13143988","Nail Polish",2021,"Drama","2020s",7.2,6006
"tt0085748","Jára Cimrman Lying, Sleeping",1983,"Biography,Comedy","1980s",7.9,1201
"tt11143108","Oh My Kadavule",2020,"Comedy,Fantasy,Romance","2020s",8,6005
"tt0162162","Truants",1996,"Drama","1990s",7.9,1148
"tt0082883","Passion of Love",1981,"Drama,History,Romance","1980s",7.1,1119
"tt0772153","America: Freedom to Fascism",2006,"Documentary","2000s",7.8,2659
"tt13793498","Nabab LLB",2020,"Thriller","2020s",7.3,1293
"tt0072431","Young Frankenstein",1974,"Comedy","1970s",8,180982
"tt9288046","The Sea Beast",2022,"Action,Adventure,Animation","2020s",7,65098
"tt0073341","The Man Who Would Be King",1975,"Adventure,Drama,War","1970s",7.7,55457
"tt8951058","The Panama Papers",2018,"Documentary","2010s",7.1,1851
"tt0477585","Border Café",2005,"Drama,Romance","2000s",7.3,2238
"tt1441912","The Way",2010,"Comedy,Drama","2010s",7.3,38043
"tt0383574","Pirates of the Caribbean: Dead Man's Chest",2006,"Action,Adventure,Fantasy","2000s",7.4,824232
"tt4025514","Suburra",2015,"Action,Crime,Drama","2010s",7.4,23152
"tt2283748","OMG: Oh My God!",2012,"Comedy,Drama,Fantasy","2010s",8.1,71006
"tt25274786","Kannur Squad",2023,"Action,Crime,Drama","2020s",7.6,12203
"tt0283283","Millennium Mambo",2001,"Drama,Romance","2000s",7,8425
"tt6985094","The Juror",2019,"Drama","2010s",7.3,1269
"tt0102816","Center Stage",1991,"Biography,Drama,Romance","1990s",7.4,3167
"tt0427276","The Future of Food",2004,"Documentary","2000s",7.7,1450
"tt0860454","MP3: Mera Pehla Pehla Pyaar",2007,"Comedy,Drama,Musical","2000s",7,2468
"tt6316138","Ayla: The Daughter of War",2017,"Biography,Drama,History","2010s",8.2,48130
"tt0485922","Keerthi Chakra",2006,"Action,Drama,War","2000s",7.2,1205
"tt0102516","The Promised Heaven",1991,"Comedy,Drama","1990s",7.2,1106
"tt6900448","Mirai",2018,"Adventure,Animation,Drama","2010s",7,19739
"tt1688649","The Sleeping Voice",2011,"Drama,War","2010s",7.2,2789
"tt0930098","Yilanlarin Öcü",1985,"Drama","1980s",7.6,1551
"tt0365089","The Red Colored Grey Truck",2004,"Adventure,Comedy,Romance","2000s",7.3,6135
"tt0216165","Running Out of Time",1999,"Action,Crime,Drama","1990s",7.3,7014
"tt2719848","Everest",2015,"Action,Adventure,Biography","2010s",7.1,246680
"tt26596953","Forgotten Love",2023,"Drama,Romance","2020s",7.5,13834
"tt0107818","Philadelphia",1993,"Drama","1990s",7.7,273453
"tt0188503","The Quiet Family",1998,"Comedy,Crime,Horror","1990s",7,6726
"tt3815424","3000 Nights",2015,"Drama","2010s",7.1,1368
"tt27141553","Hello Meera",2023,"Drama","2020s",7,1939
"tt0090246","Vabank II, czyli riposta",1985,"Comedy,Crime","1980s",7.4,3253
"tt31727542","Alex Edelman: Just for Us",2024,"Comedy,Documentary","2020s",7.8,1054
"tt0065772","Claire's Knee",1970,"Drama,Romance","1970s",7.4,13537
"tt1438298","Guzaarish",2010,"Drama,Romance","2010s",7.4,20818
"tt0424434","Beautiful City",2004,"Drama,Romance","2000s",7.6,6831
"tt1783422","Two Lives",2012,"Drama,Thriller","2010s",7.1,3405
"tt21836538","The Figo Affair: The Transfer that Changed Football",2022,"Documentary,Sport","2020s",7.1,6578
"tt3848892","Baby",2015,"Action,Crime,Thriller","2010s",7.9,63132
"tt0247613","Peppermint Candy",1999,"Drama","1990s",7.6,12432
"tt0360486","Constantine",2005,"Action,Fantasy,Horror","2000s",7,406832
"tt0074121","Allegro non troppo",1976,"Animation,Comedy,Fantasy","1970s",7.4,3493
"tt1454029","The Help",2011,"Drama","2010s",8.1,527544
"tt0393775","Simon",2004,"Comedy,Drama","2000s",7.8,8325
"tt0473707","Sons",2006,"Drama","2000s",7.1,1640
"tt0126886","Election",1999,"Comedy,Romance","1990s",7.2,111413
"tt0094625","Akira",1988,"Action,Animation,Drama","1980s",8,225686
"tt9179096","Minamata",2020,"Drama","2020s",7.2,24961
"tt0385700","Final Fantasy VII: Advent Children",2005,"Action,Adventure,Animation","2000s",7.1,59661
"tt8032912","Parwaaz Hai Junoon",2018,"Action,Romance,War","2010s",7.5,1819
"tt6463320","Zana",2019,"Drama,Mystery,Thriller","2010s",7.1,4895
"tt11394650","On the Record",2020,"Documentary","2020s",7.2,1035
"tt1899353","The Raid: Redemption",2011,"Action,Crime,Thriller","2010s",7.6,229673
"tt7825208","Marighella",2019,"Action,Drama,History","2010s",7.1,56859
"tt0249361","Annamayya",1997,"Biography,Drama,History","1990s",8.1,2020
"tt0252488","The Chaos Class Failed the Class",1975,"Comedy","1970s",8.4,30363
"tt21940010","A Million Miles Away",2023,"Biography,Drama","2020s",7.3,26179
"tt0127626","Kiler",1997,"Action,Comedy,Crime","1990s",7.5,8700
"tt1244754","Conviction",2010,"Biography,Crime,Drama","2010s",7.2,48147
"tt0366304","Choker Bali: A Passion Play",2003,"Drama","2000s",7.2,2155
"tt29319990","The Pig, the Snake and the Pigeon",2023,"Action,Crime,Drama","2020s",7.3,8486
"tt2544766","The Admiral",2015,"Action,Biography,Drama","2010s",7,11020
"tt0226018","Final Episode",1974,"Action,Crime,Drama","1970s",7.3,1404
"tt0168446","Aberdeen",2000,"Drama","2000s",7.1,3682
"tt4928620","Pathemari",2015,"Drama","2010s",8.3,5358
"tt1865569","Çalgi Çengi",2011,"Comedy","2010s",7,14296
"tt7456468","Kase-san and Morning Glories",2018,"Animation,Drama,Romance","2010s",7.2,1139
"tt3576728","Bilal: A New Breed of Hero",2015,"Action,Adventure,Animation","2010s",7.6,19667
"tt1155652","The Garden of Sinners: Remaining Sense of Pain",2008,"Action,Animation,Crime","2000s",7.3,2284
"tt14156154","Chal Mera Putt 3",2021,"Comedy","2020s",7.1,1956
"tt22797706","Project Iceman",2022,"Documentary","2020s",7.9,1548
"tt2576852","The Tale of The Princess Kaguya",2013,"Animation,Drama,Family","2010s",8,61686
"tt12169664","Zero Nine",2021,"Action,Crime,Thriller","2020s",7.5,1219
"tt13285394","The Accusation",2021,"Drama","2020s",7,2342
"tt0079638","Norma Rae",1979,"Drama","1970s",7.3,13983
"tt0491977","Dolap Beygiri",1982,"Comedy,Drama","1980s",7.2,2907
"tt2057931","The Foster Boy",2011,"Drama","2010s",7.4,1555
"tt0095468","A Short Film About Killing",1988,"Crime,Drama","1980s",7.9,24216
"tt0802948","An American Crime",2007,"Biography,Crime,Drama","2000s",7.2,39784
"tt5161502","SOMM: Into the Bottle",2015,"Documentary","2010s",7.3,2044
"tt0104008","A Tale of Winter",1992,"Drama,Romance","1990s",7.2,7011
"tt0105089","The Panama Deception",1992,"Documentary,History,War","1990s",7.5,1235
"tt0119385","Iruvar",1997,"Biography,Drama","1990s",8.4,8941
"tt0117318","The People vs. Larry Flynt",1996,"Biography,Drama","1990s",7.3,105680
"tt5776858","Phantom Thread",2017,"Drama,Romance","2010s",7.4,161699
"tt30486891","Delivery Boy",2024,"Comedy,Drama","2020s",8,1154
"tt0272152","K-PAX",2001,"Drama,Mystery,Sci-Fi","2000s",7.4,202364
"tt2066051","Rocketman",2019,"Biography,Drama,Music","2010s",7.3,208713
"tt4840206","Sons of Rizk",2015,"Action,Comedy,Crime","2010s",7.4,5529
"tt4741708","A Kid",2016,"Drama","2010s",7.3,2128
"tt2328503","As One",2012,"Drama,Sport","2010s",7.2,1414
"tt0416320","Match Point",2005,"Drama,Romance,Thriller","2000s",7.6,238796
"tt0154685","Johny Mera Naam",1970,"Action,Drama,Romance","1970s",7.4,1052
"tt0210299","Songcatcher",2000,"Drama,Music","2000s",7.3,3861
"tt3717532","The Last: Naruto the Movie",2014,"Action,Adventure,Animation","2010s",7.6,20582
"tt15165236","The Hand",2004,"Drama,Romance","2000s",7.4,1562
"tt2070649","Silenced",2011,"Drama","2010s",8,27298
"tt0098532","The Match Factory Girl",1990,"Comedy,Crime,Drama","1990s",7.5,13562
"tt0113540","Kids",1995,"Drama","1990s",7,91525
"tt0204544","Papaflessas",1971,"Adventure,Biography,Drama","1970s",7,1044
"tt0112461","The Basketball Diaries",1995,"Biography,Crime,Drama","1990s",7.3,132284
"tt0103074","Thelma & Louise",1991,"Adventure,Crime,Drama","1990s",7.6,192451
"tt0101258","Days of Being Wild",1990,"Crime,Drama,Romance","1990s",7.4,28391
"tt7959216","Utoya: July 22",2018,"Drama,Thriller","2010s",7.2,17068
"tt0070861","Only Old Men Are Going to Battle",1974,"Comedy,Drama,War","1970s",8.2,6377
"tt0111309","The Sum of Us",1994,"Comedy,Drama","1990s",7.3,6212
"tt1176727","The End of the Line",2009,"Documentary","2000s",7.5,1120
"tt0410466","Le pont des Arts",2004,"Drama,Music","2000s",7,1022
"tt0362227","The Terminal",2004,"Comedy,Drama,Romance","2000s",7.4,534377
"tt2786278","Amen",2013,"Drama,Romance","2010s",7.9,3694
"tt0792966","Blame it on Fidel",2006,"Drama","2000s",7.5,5311
"tt4641882","Todd McFarlane's Spawn 3: The Ultimate Battle",1999,"Action,Animation,Drama","1990s",8.2,1002
"tt0368909","Ong-Bak: The Thai Warrior",2003,"Action,Crime,Thriller","2000s",7.2,81409
"tt9900782","Kaithi",2019,"Action,Crime,Drama","2010s",8.4,51502
"tt0096259","Things Change",1988,"Comedy,Crime,Drama","1980s",7,4376
"tt2507128","Birth of the Living Dead",2013,"Documentary","2010s",7,1852
"tt2226347","El Farah",2009,"Drama","2000s",7.2,1990
"tt17514144","3E",2022,"Crime,Drama,Thriller","2020s",8,1237
"tt0405743","Barefoot",2005,"Comedy,Drama,Romance","2000s",7.1,11607
"tt1773015","Phas Gaye Re Obama",2010,"Comedy,Crime,Drama","2010s",7.5,6353
"tt0460791","The Fall",2006,"Adventure,Drama,Fantasy","2000s",7.8,128431
"tt0172493","Girl, Interrupted",1999,"Biography,Drama","1990s",7.3,234206
"tt0333764","Blue Gate Crossing",2002,"Drama,Romance","2000s",7.4,4739
"tt7543930","In Safe Hands",2018,"Drama","2010s",7.2,2947
"tt0117500","The Rock",1996,"Action,Adventure,Thriller","1990s",7.4,379595
"tt1459040","Ibrahim Labyad",2009,"Action,Drama","2000s",7.6,4860
"tt1111313","The Elephant in the Living Room",2010,"Documentary","2010s",7.3,1232
"tt0140412","Nammavar",1994,"Drama","1990s",7.7,1000
"tt0109655","Double Happiness",1994,"Drama,Romance","1990s",7.1,1331
"tt0105137","Piano Piano Kid",1991,"Comedy,Drama,Family","1990s",7.7,2420
"tt0351461","Noi the Albino",2003,"Comedy,Drama","2000s",7.3,9841
"tt0094716","The Beast of War",1988,"Adventure,Drama,War","1980s",7.3,11650
"tt0071733","Lacombe, Lucien",1974,"Drama,War","1970s",7.6,8360
"tt14032696","Limbo",2021,"Crime,Drama,Thriller","2020s",7.1,4300
"tt0114368","La scuola",1995,"Comedy,Drama","1990s",7,1147
"tt9603212","Mission: Impossible - Dead Reckoning Part One",2023,"Action,Adventure,Thriller","2020s",7.6,326278
"tt2820852","Furious 7",2015,"Action,Crime,Thriller","2010s",7.1,438978
"tt0107617","The Scent of Green Papaya",1993,"Drama,Music,Romance","1990s",7.3,11017
"tt0066319","Ryan's Daughter",1970,"Drama,Romance","1970s",7.4,11602
"tt0096863","My Twentieth Century",1989,"Comedy,Drama,Sci-Fi","1980s",7,2262
"tt1023114","The Way Back",2010,"Adventure,Drama,History","2010s",7.3,127395
"tt1800241","American Hustle",2013,"Crime,Drama","2010s",7.2,518320
"tt15575900","Appan",2022,"Comedy,Crime,Drama","2020s",7.5,1344
"tt0076162","House",1977,"Comedy,Horror","1970s",7.2,39404
"tt0307681","I Not Stupid",2002,"Comedy,Drama","2000s",7.2,1315
"tt0066461","One Song a Day Takes Mischief Away",1970,"Comedy,Drama,Musical","1970s",8.5,2832
"tt0079193","The Garage",1980,"Comedy,Drama","1980s",8,4827
"tt10883506","A Sun",2019,"Crime,Drama","2010s",7.6,11485
"tt0093336","The Cat",1988,"Crime,Thriller","1980s",7.1,1224
"tt10773114","One Day We'll Talk About Today",2020,"Drama","2020s",7.3,1792
"tt0150662","Show Me Love",1998,"Comedy,Drama,Romance","1990s",7.5,57957
"tt15876346","Street Light",2021,"Thriller","2020s",7.8,1118
"tt2022522","Runway",2010,"Drama","2010s",8.2,1466
"tt0765128","Oceans",2008,"Documentary","2000s",7.7,10377
"tt15764854","Fireworks",2023,"Drama,Romance","2020s",7.6,3635
"tt21842982","Moh",2022,"Romance","2020s",7.9,1169
"tt1227524","Aashayein",2010,"Drama","2010s",7.1,1402
"tt0082073","Bianco, rosso e Verdone",1981,"Comedy","1980s",7.4,4683
"tt2468774","Confession of Murder",2012,"Action,Crime,Thriller","2010s",7,12872
"tt8980602","The Kid Detective",2020,"Comedy,Drama,Mystery","2020s",7,25422
"tt0117958","Trees Lounge",1996,"Comedy,Drama","1990s",7.1,18787
"tt6493286","1987: When the Day Comes",2017,"Drama,History,Thriller","2010s",7.7,7956
"tt6628102","The Wild Pear Tree",2018,"Drama","2010s",8,30615
"tt9203168","Moromete Family: On the Edge of Time",2018,"Drama","2010s",7.6,2094
"tt10905616","Raja Vaaru Rani Gaaru",2019,"Romance","2010s",7.4,1028
"tt13694628","Nitram",2021,"Crime,Drama,Thriller","2020s",7.1,12905
"tt0084345","My Friend Ivan Lapshin",1985,"Drama","1980s",7.4,2981
"tt20215234","Conclave",2024,"Thriller","2020s",7.4,257672
"tt14402926","Batman: The Long Halloween, Part Two",2021,"Action,Animation,Crime","2020s",7.2,19260
"tt6494358","Clive Davis: The Soundtrack of Our Lives",2017,"Documentary","2010s",7.5,1386
"tt11994750","Made You Look: A True Story About Fake Art",2020,"Crime,Documentary","2020s",7,5140
"tt0248036","Get Ready to Be Boyzvoiced",2000,"Comedy,Music","2000s",7.3,1685
"tt0068646","The Godfather",1972,"Crime,Drama","1970s",9.2,2220339
"tt0070379","Mean Streets",1973,"Crime,Drama,Thriller","1970s",7.2,127919
"tt0281724","Cinemania",2002,"Documentary","2000s",7.1,2450
"tt31719063","Veppam Kulir Mazhai",2024,"Thriller","2020s",7,2227
"tt0322420","Life Is a Miracle",2004,"Comedy,Drama,Music","2000s",7.5,13870
"tt0244585","Khubsoorat",1980,"Comedy,Drama,Family","1980s",7.6,2062
"tt0304126","Grill Point",2002,"Comedy,Drama","2000s",7.1,1762
"tt6613814","Solo",2017,"Action,Drama,Thriller","2010s",7,4684
"tt0103704","A Scene at the Sea",1991,"Comedy,Drama,Romance","1990s",7.5,7377
"tt1478839","The Art of Racing in the Rain",2019,"Comedy,Drama,Romance","2010s",7.6,48453
"tt0108677","Sundays on Leave",1993,"Comedy,Drama","1990s",7.8,1268
"tt6613470","PSV Garuda Vega",2017,"Action,Drama","2010s",7.6,1409
"tt14179942","Good Night Oppy",2022,"Documentary","2020s",7.7,5454
"tt0390538","Tarnation",2003,"Biography,Documentary","2000s",7.1,6886
"tt10262648","Compartment Number 6",2021,"Drama,Romance","2020s",7.2,18447
"tt17511190","Facing Nolan",2022,"Biography,Documentary,Sport","2020s",7.9,2091
"tt9806192","I Lost My Body",2019,"Animation,Drama,Fantasy","2010s",7.5,38667
"tt2362062","Parviz",2012,"Crime,Drama,Thriller","2010s",7.1,1104
"tt0983213","5 Centimeters per Second",2007,"Animation,Drama,Family","2000s",7.4,70802
"tt0253151","Iyi Aile Çocugu",1978,"Comedy","1970s",7.1,3281
"tt0104602","Kein Pardon",1993,"Comedy","1990s",7.2,2741
"tt0072443","Mirror",1975,"Biography,Drama","1970s",7.9,57482
"tt0073114","The Story of Adele H",1975,"Biography,Drama,History","1970s",7.2,9890
"tt1043842","Appleseed: Ex Machina",2007,"Action,Adventure,Animation","2000s",7,10083
"tt0096894","Bashu, the Little Stranger",1989,"Drama,War","1980s",8,3775
"tt3966544","Lost Soul: The Doomed Journey of Richard Stanley's Island of Dr. Moreau",2014,"Adventure,Documentary","2010s",7.4,4803
"tt1078188","Boy A",2007,"Drama","2000s",7.5,40052
"tt1516593","Tilva Rosh",2010,"Drama,Romance","2010s",7.1,1178
"tt1300854","Iron Man 3",2013,"Action,Adventure,Sci-Fi","2010s",7.1,963499
"tt0095031","Dirty Rotten Scoundrels",1988,"Comedy,Crime","1980s",7.4,86001
"tt0084726","Star Trek II: The Wrath of Khan",1982,"Action,Adventure,Sci-Fi","1980s",7.7,135632
"tt1032846","4 Months, 3 Weeks and 2 Days",2007,"Drama","2000s",7.9,65729
"tt0250067","The Trip",2002,"Comedy,Drama,Romance","2000s",7,4023
"tt0070608","Robin Hood",1973,"Adventure,Animation,Comedy","1970s",7.5,149764
"tt0067274","Jo",1971,"Comedy,Crime,Thriller","1970s",7.1,4178
"tt1094627","Buddha Collapsed Out of Shame",2007,"Drama,War","2000s",7.3,2471
"tt0339862","Nobody's Life",2002,"Drama,Mystery,Thriller","2000s",7,1204
"tt0156587","Flowers of Shanghai",1998,"Drama","1990s",7.3,4593
"tt5031332","McLaren",2017,"Biography,Documentary,Drama","2010s",7.3,3014
"tt0254481","Koi... Mil Gaya",2003,"Action,Drama,Fantasy","2000s",7.2,31231
"tt8290698","The Spy Gone North",2018,"Drama,Thriller","2010s",7.4,7286
"tt0488905","The Banishment",2007,"Drama,Romance","2000s",7.5,9565
"tt7125774","Balloon",2018,"Drama,History,Thriller","2010s",7.5,14934
"tt13648212","Hive",2021,"Drama","2020s",7.1,4571
"tt15433956","Hanu Man",2024,"Action,Adventure,Fantasy","2020s",7.7,30378
"tt0069947","The Day of the Jackal",1973,"Crime,Drama,Thriller","1970s",7.8,52756
"tt0945513","Source Code",2011,"Action,Drama,Mystery","2010s",7.5,581414
"tt1568335","Jean-Michel Basquiat: The Radiant Child",2010,"Documentary","2010s",7.7,2612
"tt0123391","The Miscellaneous Brigade Strikes Again",1970,"Comedy","1970s",8.5,2079
"tt2084970","The Imitation Game",2014,"Biography,Drama,Thriller","2010s",8,876235
"tt0112851","Desperado",1995,"Action,Crime,Drama","1990s",7.1,208067
"tt0078748","Alien",1979,"Horror,Sci-Fi","1970s",8.5,1061398
"tt7231194","R.I.P.",2018,"Comedy,Drama","2010s",8.2,4284
"tt3075360","Googly",2013,"Comedy,Romance","2010s",7.5,3468
"tt0305206","American Splendor",2003,"Biography,Comedy,Drama","2000s",7.4,54672
"tt6964076","Pavarotti",2019,"Biography,Documentary,Music","2010s",7.5,4113
"tt1190536","Black Dynamite",2009,"Action,Comedy","2000s",7.4,54353
"tt0091538","Mona Lisa",1986,"Crime,Drama,Romance","1980s",7.3,20416
"tt0066730","10 Rillington Place",1971,"Biography,Crime,Drama","1970s",7.5,10914
"tt0235060","The Road Home",1999,"Drama,Romance","1990s",7.7,14509
"tt3422078","April and the Extraordinary World",2015,"Adventure,Animation,Comedy","2010s",7.3,9045
"tt1483797","Redline",2009,"Action,Animation,Sci-Fi","2000s",7.5,20818
"tt18184122","Redrum",2022,"Mystery,Thriller","2020s",8.1,3027
"tt21376900","Bobi Wine: The People's President",2022,"Documentary","2020s",7.1,1983
"tt0266260","Arjun",1985,"Action,Crime,Drama","1980s",7.3,1284
"tt10217550","Vinci Da",2019,"Crime,Mystery,Thriller","2010s",7.3,3084
"tt3447364","Detective Byomkesh Bakshy!",2015,"Action,Crime,Drama","2010s",7.6,25536
"tt5140248","The Beginning of Life",2016,"Documentary,Family","2010s",7.4,1044
"tt2577150","Traffic Department",2012,"Crime,Drama","2010s",7.3,5450
"tt0438315","Peaceful Warrior",2006,"Drama,Romance,Sport","2000s",7.2,31501
"tt0094076","The South",1988,"Drama","1980s",7.3,1174
"tt0946998","Dead Time",2007,"Crime,Fantasy,Horror","2000s",7,1169
"tt3516378","Miss Granny",2014,"Comedy,Fantasy,Music","2010s",7.2,4733
"tt10588750","Doraemon the Movie: Nobita's New Dinosaur",2020,"Adventure,Animation,Comedy","2020s",7.1,1970
"tt14614892","Dragon Ball Super: Super Hero",2022,"Action,Adventure,Animation","2020s",7.1,18668
"tt10687116","Entergalactic",2022,"Animation,Comedy,Music","2020s",7.4,20470
"tt0072272","That's Entertainment!",1974,"Documentary,Family,Musical","1970s",7.8,5681
"tt0086617","The Year of Living Dangerously",1982,"Drama,Romance,War","1980s",7.1,24716
"tt0098055","Red Wood Pigeon",1989,"Comedy,Sport","1980s",7.1,3406
"tt5335314","One Step Behind the Seraphim",2017,"Drama","2010s",8.1,3985
"tt0093312","Jimi Plays Monterey",1986,"Documentary,Music","1980s",8.1,1574
"tt0085210","Bad Boys",1983,"Crime,Drama,Thriller","1980s",7.2,18698
"tt0086242","The Makioka Sisters",1983,"Drama,Romance","1980s",7.2,1906
"tt1198196","Election Day",2007,"Comedy","2000s",7.4,4400
"tt16345484","I Am What I Am",2021,"Animation,Comedy,Drama","2020s",7.5,2147
"tt18184012","Love Mocktail 2",2022,"Drama,Romance","2020s",7.4,2776
"tt11138512","The Northman",2022,"Action,Adventure,Drama","2020s",7,298381
"tt0422708","Private Alexandria",2005,"Crime,Drama,Mystery","2000s",7.2,2334
"tt0075995","Equus",1977,"Drama,Mystery","1970s",7.1,9262
"tt0084324","Meri Jung",1985,"Action,Drama","1980s",7.2,1624
"tt0082666","Ljubi, ljubi, al' glavu ne gubi",1981,"Comedy,Romance","1980s",7.1,1589
"tt0087892","A Passage to India",1984,"Adventure,Drama,History","1980s",7.3,23069
"tt0342275","A Decade Under the Influence",2003,"Documentary","2000s",7.6,2885
"tt1890363","Buddha in a Traffic Jam",2016,"Crime,Thriller","2010s",7.1,8204
"tt1935179","Mud",2012,"Adventure,Drama","2010s",7.3,199334
"tt0432325","The Cave of the Yellow Dog",2005,"Drama,Family","2000s",7.5,3796
"tt7115920","Lots of Kids, a Monkey and a Castle",2017,"Documentary","2010s",7.5,1750
"tt16492678","Demon Slayer: Kimetsu no Yaiba - Tsuzumi Mansion Arc",2021,"Action,Animation,Fantasy","2020s",8.4,36012
"tt0120815","Saving Private Ryan",1998,"Drama,War","1990s",8.6,1634155
"tt0208032","Canone Inverso",2000,"Drama","2000s",7,1324
"tt1801071","See You in Montevideo",2014,"Adventure,Biography,Comedy","2010s",8.1,8220
"tt14107554","Dasvi",2022,"Comedy,Drama","2020s",7.3,62604
"tt0066500","Hope",1970,"Drama","1970s",7.9,4650
"tt0846040","My Brother Is an Only Child",2007,"Comedy,Crime,Drama","2000s",7,6925
"tt13095604","The Phenomenon",2020,"Documentary","2020s",7.4,5036
"tt30460694","Currency Nagar",2023,"Drama,Romance,Thriller","2020s",8.3,2143
"tt0101995","Hamis a baba",1991,"Comedy,Crime","1990s",7.1,1164
"tt0334226","Remake",2003,"Drama,History,War","2000s",7.6,1143
"tt3501632","Thor: Ragnarok",2017,"Action,Adventure,Comedy","2010s",7.9,892377
"tt5777628","One More Time with Feeling",2016,"Documentary,Music","2010s",8.2,5792
"tt0446755","The Painted Veil",2006,"Drama,Romance","2000s",7.4,99922
"tt0111590","Vanya on 42nd Street",1994,"Comedy,Drama,Romance","1990s",7.3,5674
"tt1852036","Mr Perfect",2011,"Comedy,Drama,Romance","2010s",7.1,5188
"tt0465538","Michael Clayton",2007,"Crime,Drama,Mystery","2000s",7.2,183605
"tt1869682","SuckSeed",2011,"Comedy,Music,Romance","2010s",7.4,2863
"tt2391492","Balak Palak",2013,"Family","2010s",8.1,2045
"tt19883634","The Old Oak",2023,"Drama","2020s",7.1,14357
"tt0091506","The Beekeeper",1986,"Drama","1980s",7.2,3291
"tt1093842","My Winnipeg",2007,"Comedy,Documentary,Drama","2000s",7.5,6024
"tt11314148","Shiddat",2021,"Romance","2020s",7.6,26869
"tt0318034","Russian Ark",2002,"Drama,Fantasy,History","2000s",7.2,22946
"tt4431208","Ice Guardians",2016,"Documentary,Sport","2010s",7.4,1940
"tt0092965","Empire of the Sun",1987,"Drama,War","1980s",7.7,142621
"tt0083190","Thief",1981,"Action,Crime,Drama","1980s",7.4,49047
"tt0102293","Riki-Oh: The Story of Ricky",1991,"Action,Comedy,Crime","1990s",7,16523
"tt7095482","The Candidate",2018,"Drama,Mystery,Thriller","2010s",7.1,10271
"tt0066993","The Devils",1971,"Biography,Drama,History","1970s",7.7,21227
"tt0434008","Election",2005,"Crime,Drama,Thriller","2000s",7.1,12360
"tt21332486","Not Just a Girl",2022,"Biography,Documentary,Music","2020s",7.1,1672
"tt0260414","Taking Sides",2001,"Drama,Music,War","2000s",7,4187
"tt0796366","Star Trek",2009,"Action,Adventure,Sci-Fi","2000s",7.9,637817
"tt2405792","Elaine Stritch: Shoot Me",2013,"Documentary","2010s",7.5,1061
"tt0080979","Kagemusha: The Shadow Warrior",1980,"Drama,History,War","1980s",7.9,40866
"tt14989778","Oke Oka Jeevitham",2022,"Drama,Sci-Fi,Thriller","2020s",7.8,3501
"tt20234774","Wicked Little Letters",2023,"Comedy,Crime,Drama","2020s",7,44458
"tt0177484","Aadmi Aur Apsara",1991,"Fantasy","1990s",8,1277
"tt3146022","Be Natural: The Untold Story of Alice Guy-Blaché",2018,"Biography,Documentary,History","2010s",7.7,1251
"tt8068936","I Am Paul Walker",2018,"Biography,Documentary","2010s",7.6,1272
"tt4900018","Keith Richards: Under the Influence",2015,"Documentary,Music","2010s",7.1,3841
"tt12981538","The Goat and Her Three Kids",2022,"Drama,Horror,Thriller","2020s",7.2,4578
"tt6343314","Creed II",2018,"Action,Drama,Sport","2010s",7.1,169926
"tt0100699","On Tour",1990,"Comedy,Drama","1990s",7,1139
"tt0210843","The Same Love, the Same Rain",1999,"Comedy,Drama,Romance","1990s",7.3,3839
"tt0094980","The Decline of Western Civilization Part II: The Metal Years",1988,"Documentary,Music","1980s",7.2,4864
"tt2358456","I Am Big Bird: The Caroll Spinney Story",2014,"Biography,Documentary,Drama","2010s",7.5,1805
"tt0398286","Tangled",2010,"Adventure,Animation,Comedy","2010s",7.7,543686
"tt0339489","Palabras encadenadas",2003,"Crime,Drama,Thriller","2000s",7,2632
"tt15772866","Christmas with the Chosen: The Messengers",2021,"Music","2020s",8,1054
"tt0089746","The Funeral",1984,"Comedy","1980s",7.2,2292
"tt2375559","1: Nenokkadine",2014,"Action,Thriller","2010s",7.9,47724
"tt0796307","Under the Same Moon",2007,"Adventure,Drama","2000s",7.3,7909
"tt2875926","My Sweet Pepper Land",2013,"Drama","2010s",7,2774
"tt1327035","Dev.D",2009,"Comedy,Drama,Romance","2000s",7.9,34157
"tt1891757","Bol",2011,"Drama","2010s",8.2,9421
"tt1780856","Stopped on Track",2011,"Drama","2010s",7.6,1784
"tt15840674","Madhurapudi Gramam Ane Nenu",2023,"Crime","2020s",7.9,2004
"tt7458920","Faster Fene",2017,"Action,Crime,Mystery","2010s",7.8,1134
"tt30319503","Dìdi",2024,"Comedy,Drama","2020s",7.3,15840
"tt8747460","Eduardo and Monica",2020,"Drama,Romance","2020s",7.3,1893
"tt6864046","Shadow",2018,"Action,Adventure,Fantasy","2010s",7,19811
"tt6999052","Mario",2018,"Drama,Romance,Sport","2010s",7.4,6013
"tt4633694","Spider-Man: Into the Spider-Verse",2018,"Action,Adventure,Animation","2010s",8.4,785312
"tt0094641","Amanece, que no es poco",1989,"Comedy,Fantasy","1980s",7.4,4607
"tt0325675","Boats Out of Watermelon Rinds",2004,"Comedy,Drama,Family","2000s",7.7,6884
"tt2125501","Electric Boogaloo: The Wild, Untold Story of Cannon Films",2014,"Biography,Documentary,History","2010s",7.4,6360
"tt5029608","Frantz",2016,"Drama,History,Romance","2010s",7.5,18716
"tt27751957","El 47",2024,"Biography","2020s",7.2,5093
"tt0071585","Conversation Piece",1974,"Drama,Romance","1970s",7.3,5757
"tt15893750","Rye Lane",2023,"Comedy,Drama,Romance","2020s",7.2,16050
"tt0334725","Wondrous Oblivion",2003,"Comedy,Drama,Family","2000s",7.1,1307
"tt0092618","Barfly",1987,"Comedy,Drama,Romance","1980s",7.1,23482
"tt11941694","The Blue Star",2023,"Drama,Music","2020s",7.3,1423
"tt0072783","Chupke Chupke",1975,"Comedy,Drama,Romance","1970s",8.3,13925
"tt11306376","Jathi Ratnalu",2021,"Comedy","2020s",7.4,8806
"tt9426210","Weathering with You",2019,"Animation,Drama,Fantasy","2010s",7.5,69641
"tt0071449","The Common Man",1975,"Drama","1970s",7.4,1187
"tt0093664","Dark Eyes",1987,"Comedy,Drama,Romance","1980s",7.3,3810
"tt0087123","Strangler vs. Strangler",1984,"Comedy,Crime,Horror","1980s",8,4960
"tt8268302","I Work at the Cemetery",2021,"Comedy,Crime,Drama","2020s",7.4,2058
"tt0398808","Bridge to Terabithia",2007,"Drama,Family,Fantasy","2000s",7.2,190882
"tt0119670","The Mighty",1998,"Comedy,Drama","1990s",7.2,14852
"tt0080437","The Big Red One",1980,"Drama,War","1980s",7.1,22835
"tt0948544","Troubled Water",2008,"Drama,Music","2000s",7.5,6396
"tt6510332","McQueen",2018,"Biography,Documentary","2010s",7.7,8921
"tt4629266","Born in China",2016,"Documentary","2010s",7.2,4287
"tt7010412","The Great Buddha+",2017,"Comedy,Crime,Drama","2010s",7.6,5446
"tt7653254","Marriage Story",2019,"Drama,Romance","2010s",7.9,371254
"tt5117428","Wild Rose",2018,"Drama,Music","2010s",7.1,16858
"tt0297884","Far from Heaven",2002,"Drama,Romance","2000s",7.3,51564
"tt0100196","Mountains of the Moon",1990,"Adventure,Drama,History","1990s",7.1,4715
"tt2170667","Wheels",2014,"Drama","2010s",7.4,6900
"tt0468644","Love Is All",2007,"Comedy,Romance","2000s",7,8335
"tt0114369","Se7en",1995,"Crime,Drama,Mystery","1990s",8.6,2014508
"tt0079596","My Brilliant Career",1979,"Biography,Drama,Romance","1970s",7.1,5283
"tt20784402","Madhi",2022,"Musical","2020s",8.8,2216
"tt0070643","Scarecrow",1973,"Drama","1970s",7.2,21970
"tt21261388","Gargi",2022,"Drama,Thriller","2020s",8.1,8302
"tt15340724","20th Century Girl",2022,"Drama,Romance","2020s",7.4,15136
"tt0423853","Be Here to Love Me",2004,"Biography,Documentary,Music","2000s",7.8,1508
"tt8364418","Adanga Maru",2018,"Action,Crime,Drama","2010s",7.1,3121
"tt8693770","The Cold Blue",2018,"Documentary,War","2010s",7.7,1218
"tt0212132","The Tracker",2002,"Drama,Western","2000s",7.3,3505
"tt0216787","The Taste of Others",2000,"Comedy,Drama,Romance","2000s",7.2,11171
"tt0093603","Nayakan",1987,"Crime,Drama","1980s",8.6,27794
"tt0415607","The Willow Tree",2005,"Drama","2000s",7.3,4740
"tt11075264","Thallumaala",2022,"Action,Comedy,Drama","2020s",7,8069
"tt4572514","Patriots Day",2016,"Action,Crime,Drama","2010s",7.3,121901
"tt0355715","His Excellency the Minister",2002,"Drama,Mystery,Thriller","2000s",7.2,1503
"tt28288786","Premalu",2024,"Comedy,Romance","2020s",7.8,23290
"tt0088412","Where the Green Ants Dream",1984,"Drama","1980s",7,2918
"tt0107692","Ninja Scroll",1993,"Action,Adventure,Animation","1990s",7.8,44542
"tt11810546","Beyond the Dream",2019,"Drama,Romance","2010s",7.1,1109
"tt0453740","Kaadhal",2004,"Romance","2000s",7.6,1359
"tt2673882","Jatt & Juliet 2",2013,"Comedy,Romance","2010s",7.3,2374
"tt3426262","Pannaiyarum Padminiyum",2014,"Comedy,Drama","2010s",7.9,2403
"tt0488414","Omkara",2006,"Action,Crime,Drama","2000s",8,23849
"tt8106568","Momentum Generation",2018,"Documentary","2010s",8.1,1514
"tt5424228","Love, Gilda",2018,"Documentary","2010s",7.4,1966
"tt0349878","Netaji Subhas Chandra Bose: The Forgotten Hero",2005,"Biography,Drama,History","2000s",7.6,1448
"tt0065457","Beg",1971,"Drama,History,War","1970s",7.7,1400
"tt1798709","Her",2013,"Drama,Romance,Sci-Fi","2010s",8,725408
"tt21108804","Phule",2024,"Biography","2020s",8.1,3159
"tt0104553","All's Well, Ends Well",1992,"Comedy,Romance","1990s",7.2,2889
"tt0104652","Porco Rosso",1992,"Adventure,Animation,Comedy","1990s",7.7,116059
"tt0070463","New Mischief by Emil",1972,"Comedy,Drama,Family","1970s",7.3,2920
"tt2325675","Em Magan",2006,"Drama,Romance","2000s",8,1337
"tt0200849","My Best Fiend",1999,"Biography,Documentary","1990s",7.8,13123
"tt2585562","Pizza",2012,"Horror,Thriller","2010s",7.9,9675
"tt5611648","Joker",2016,"Comedy,Drama","2010s",8.3,3860
"tt0466561","The Border Post",2006,"Comedy,Drama","2000s",7.6,7142
"tt1568150","Joan Rivers: A Piece of Work",2010,"Biography,Comedy,Documentary","2010s",7.4,3908
